Aprende Conmigo,36
Aprende Conmigo Periodo De Preparacion,28
Balde Rayado,200
Base De Bottellon Agua,180
Boligrafo Bic,5
Borrador ARTESCO,6
Bote Para Agua,30
Canasta Grande,180
Canasta Pequeña,100
Cepillo Inodoro Con Base,50
Cepillo Inodoro Sencillo,30
Colores Maped,65
Colores VIVO,21
Colores WIWI,20
Compas Genial,15
Compas VIVO,13
Corrector Artesco,14
Cuaderno 1 Materia Wiwi Hombre,22
Cuaderno 1 Materia Wiwi Mujer,22
Cuaderno 1M Copan Basico,35
Cuaderno 1M Copan Hombre,80
Cuaderno 1M Copan Unisex,80
Cuaderno 1M Genial,25
Cuaderno 1M Genial Mujer,25
Cuaderno 1M Quick,55
Cuaderno 1M Quick Mujer,55
Cuaderno Copan Cosido,55
Cuaderno VIVO 1M,25
Cuaderno VIVO Dibujo,10
Cuaderno VIVO Tareas,25
Cuaderno Vivo 1M Cuadricula,25
Cuaderno Wiwi 1 Materia,22
Escoba,50
Estante,1800
Estuche Geometrico Artesco,30
Ganchos Para Ropa,60
Grapadora Vivo,45
Jarra Con Vaso,120
Lamina De Foami,5
Lapiz Adhesivo UHU,25
Lapiz Grafito Deli,5
Lapiz Grafito Maped,8
Lapiz Grafito RAY,5
Lapiz Tinta Genial,5
Lapiz Tinta Hitec,5
Marcador Permanente Amigo,15
Marcador Permanente Vivelo,14
Marcadores Wiwi,25
Masquin Tape,13
Minas Pentel,10
Ollita Mega,40
Paila Economica,10
Paila Esparta,95
Paila Grande,95
Paila Lisa,15
Paila Mediana,90
Paila Molinera,35
Paila Moteada N2,20
Paila Moteada N3,25
Paila Moteada N4,45
Paila Moteada N6,70
Paila N14,35
Paila Ranchera Lazo,100
Pailas Con Agarraderas,40
Papelera,50
Pascon Con Tapa,75
Pascon Grande,45
Pascon N.6,10
Pascon Pequeño,25
Pasocon N 14,25
Pegamento Vivo,10
Pichel Con 4 Vasos,60
Porta Bianda,60
Porta Minas MEGAPOLIS,10
Recogedor De Basura,60
Sacapuntas MAPPEDS,6
Sacapuntas Tucan,3
Sandwichera,22
Silla Mecedora Plastico,1500
Silla Plastica,350
Subrayador Maped,20
Tape Pequeño,10
Tijeras Escolar,17
Tina De Lazo,220
Transportadores,10
Unico Corto Copan,74
Vaso Azul 3 Pcz,60
Vaso Cristal 6pak,90
Vasos Grande 2pz,50
Jabón Míster Max,25
Jabón Zixx,25
Ace Surf,9
Ace Xedex bolsita,10
Bote De Cloro Magia Blanca 1Lt,32
Cloro Magia Blanca En Bolsita,8
Suavitel Bolsita,7
Azistin Bolsita,8
Jabón Redondo Limpiox Pequeño,6
Jabón Redondo Limpiox Grande,12
Azistin Bote Pequeño,18
Azistin Bote Mediano,32
Margarina Clover,7
Manteca Clover Media,14
Manteca Clover Libra,25
Manteca Clover Kilo,54
Aceite Mazola Bolsa,40
Aceite Clover Bolsa,37
Sofrito Issima Bolsita,12
Pasta De Tomate Issima,12
Ketchup Naturas Bolsita,12
Pasta De Tomate Naturas,13
Espagueti Media Libra,9
Tallarines,14
Coditos,14
Caracolitos,14
Sardinas,28
Papel Aluminio Fans,39
Arroz Blanco Libra,12
Arroz Precocido Libra,13
Sopa Maggie Pequeña,6
Sopa Maggie Grande,12
Chile Olancho Pequeño,13
Chile Lata Malher,28
Vinagre Rico Mediano,35
Corn Flakes Pequeño,32
Cubitos,0.7
Lata Maiz Grande,35
Lata Maiz Pequeño,25
Consomé Pollo Y Res Maggie,3
Pañal M,6
Pañal G,6
Protector Diario Saba,25
Consomé Knorr,4
Batería Rayo Vac Grande,21.5
Papel Toalla,25
Acetaminofén,5
Amoxicilina,3
Ibuprofeno,3
Alka Seltzer,6
Panadol Niño,3
Tabcin Gripe y Tos,6
Latita De Mentolina,7
Maseca 2 Lb,28
Maseca 1Lb,13
Azucar  1Lb,13
Azucar 2 Lb,26
Azucar 4 Lb,52
Cafe Maya Bolsita,5
Cafe Oro Bolsita,6
Harina La Rosa 1 Lb,13
Sal Tortuga Bolsita,7
Tang Bolsita,6
Jugo Ya,6
Pasta Colgate,25
Toalla Kotex Esencial Con Alas,22
Toalla Kotex Esencial Sin Alas,22
Candelas,3
Fosforos,2
Leche Sula Larga Duración Medio Litro,19
Sopa Laky,15
Sopa Issima,14
Mayonesa Pequeña,16
Mostaza,14
Cepillo Dental,15
Pana De Losa Grande,60
Pana De Losa Mediana,30
Pana De Losa Pequeña,20
Pastes Para Losa,17
Shampoo Head Shoulder,5
Shampoo Sedal,5
Hidrocrema Sedal,5
Hidrocrema Pantene,5
Shampoo Pantene,5
Super Glue,8
Bote Ketchup Campo Fresco,34
Jugo Naturas De Pajilla,8
Jugo De Lata Natura,12
Corn Flakes Grande,96
Cereal Nestun,60
Avena,28
Café Imperial,5
Papel Higiénico Cariñoso,19
Comida Perro Rufo Adulto,19
Comida Perro Sabueso Adulto,16
Comida Perro Pet Master Adulto,18
Zambo Picante,6
Taqueritos Con Chile Y Sin Chile,6
Ranchitas Con Chile Y Sin Chile,6
Zibas,8
Raptor Mediana,22
Raptor Pequeña,15
Big Cola Chiquita,7
Churro Yumix,8
Chicharrón Picante,10
Galleta Salada,5
Soda,3
Coca-Cola 3L,65
Coca-Cola 2L,48
Coca-Cola 1.5L,35
Coca-Cola 1.1L,29
Coca-Cola 1.25L,32
Platos N 9,24
Plato N 8,22
Plato N 7,18
Plato N 6,17
Servilletas,16
Tenedor Grande,20
Tenedor Pequeño,18
Cucharitas,10
Vasos N 10 Plástico,34
Vaso N 8 Foam,18
Vaso N 7 Plástico,27
Vaso N 6 Foam,18
Vaso N 5 Plástico,20
Maizena Simple,15
Maizena Sabor,18
Galletas Chiky,7
Galleta Oreo,8
Galleta Coctel,2
Mayonesa Grande,110
Gelatina Ego,25
Gelatina Ego En Sobre,5
Churro Stixs,3
Gerber En Bolsita,18
Coca-Cola Portatil,20
Sofrito Criollo Naturas,12
1 Lempira,1
2 Lempiras,2
5 Lempiras,5
10 Lempiras,10
Pollo noteño 1lb,35
Pollo el Cortijo 1Lb,32
Mortadela Europea Media,18
Jamon,25
Frijoles Congelados,12
Big Cola Verde,7
Alka Ad,6
Panadol Ultra,8
Panadol extra fuerte,6
Prestobarba gillette,25
Prestobarba amarilla,15
Jabon Palmolive,20
Mantequilla crema media,25
Quesillo Media,26
Queso media,44
Desinfectante Zixx Bote Pequeño,18
AMP,22
Pachicleta,5
Barrilete,2
Sal Andrews,6
Tropical 1.25,30
Fruta Fresca,12
Huevos unidad,4.5
Nieve de Frutas,6
Papel Tapiz,25
Cartulina Iris,10
Menudo de Pollo libra,18
Maiz libra,7.6
Minuta con Leche Condensada,15
Mantequilla Sula libra,20
Mantequilla Sula media libra,12
Te Lipton,24
Gatorade,30
Mountain Dew,15
Coca-Cola 2.5,55
Mayonesa Ajo Cebolla,32
Salsa Lizano,30
Frijol Naturas 210g,32
Shampoo y Crema para peinar Savile,5
Detergente Surf Media Libra,11
Detergente en Polvo Unox Bolsita,5
Detergente Xedex Liquido Bolsa,36
Raid,110
Aleve,8
Botonetas Chocolate,3
Botonetas,3
Toallas Humedas Portable Huggies,20
Cereal Choco Nubis Grande,95
Comida de Perro Fiel Amigo en bolsa,19
Curitas,0.5
Panadol Mujer,6
Pañal Huggies Extra Grande,8
Pañal Huggies Clasico Grande,6
Papel Higienico Scott Mil Hojas 4 Pck,86
Papel Higienico Scott Individual,23
Toalla Kotex Nocturna con Alas,48
Rasuradora Bic Normal,12
Vitaflenaco,5
Chorizo Suelto 4oz,12
Amp pequeña,15
Lays Original Grande,28
Lays  Grande,30
Poffets Grande,32
Dorito Nacho Atrevido Grande,28
Doritos  Grande,28
Dorito Verde Radiante Grande,28
Cheetos Horneados Grandes,25
Minuta Normal,10
Cheetos Crunchy Grande,25
Doraditas BBQ Grande,25
Doraditas Limon Grande,25
Fritos BBQ Grande,25
Mini Chokis,12
Marshmellow Stars Bolsita,5
Fruty Ohs Bolsita,5
Cereal Choco Blast Bolsita,5
Galleta Arcoiris,5
Mamut Bolsita,5
Cereal Caribean Treasure Bolsita,5
Fritos Taco Frijol,6
Fritos Taco Picante,6
nada,5
Crackets Minis,12
Lays pequeño,5
Doraditas Twist,4
Doraditas Queso,4
Doraditas Picante,4
Natu Chips Sofrito Grande,32
Doraditas Limon,4
Doraditas BBQ,4
Doritos Nacho Atrevido,6
Doritos Queso Nacho Flamin Pequeno,6
Cheetos Crunchy,6
Cheetos Poffs,6
Fritos Twist,6
Fritos Antojitos BBQ,6
Rancheritos,5
Natuchips Sofrito y Chile Limon,6
Jugo de Naranja Sula 1/2,15
Jugo de Naranja Sula litro,30
Leche Sula Litro,30
Galleta Pindi y Picnic,2
Galleta Mantequilla,7
Galleta Oreo Tubo,21
Chorizo Copetin 1]2,22
Empanizador Don Julio Bolsita,32
Semita Larga Popular,3
Semita Redonda la Popular,3
Lengua la Popular,18
Alpora la Popular,48
Quequito la Popular,6
Pan Baguette la Popular,25
Flauta de Piña la Popular,12
Cafe Aromas,5
Galleta Arcoiris Grande,15
Chokis Mix Grande,14
Chokis Black Grande,14
Chokis Grande,15
Chokis Clasica Grande,14
Chokis Choco Base Grande,14
Cremax Chocolate Grande,15
Cremax Vainilla Chocolate Fresa,15
Florentinas fresa,16
Florentina Cageta,16
Choco Cono,22
Choconito,7
Cinta Crispy,28
Cinta Negra Sarita,22
Cono Soft Vainilla Fresa,20
Copa Caramelo Sarita,35
Crema De Chocolate Con Leche Sarita,5
Cremolino Fresa Mujer Maravilla,10
Giga Almendra,35
Helado Tipo Casero Caramelo,18
Helado Tipo Casero Fresa Rellena,18
Litro Napolitano Sarita,90
Litro Ron Con Pasas Sarita,90
Litro Vainilla,90
Medio Galon Galleta,160
Medio Galon Napolitano Sarita,160
Medio Galon Queso Y Fresa Sarita,160
Medio Litro Chocolate Sarita,65
Medio Litro Fresa Sarita,65
Medio Litro Vainilla Sarita,65
Paleta Corazon Sarita,22
Paleta Crunchy Pop Fresa,30
Paleta De Fresa,20
Paleta Sandia Manzana Verde,18
Palito Cremoso Surtido 3 Sabores,10
Sanguchitos,20
Sorby Twist Cremoso,14
Tableta Chocolate Clasico 50Grs,22
Topolino Fresa Uva,7
Pepsi 1.25 lts,27
Pepsi 1.5 Lts,30
Pepsi 2 Lts,40
Pepsi 3 Lts,60
Pepsi Mini Lata 237,11
Adrenalina Lata Grande,45
Adrenalina Lata Pequeña,38
California,20
Petit Lata,11
Atun Bumble Bee,60
Pañales Jueguitos G,6
Coca 355,13
Crema Peinar Savile bote,85
Sampoo Savile 2 en 1 miel bote,125
Shampoo Aguacate Savile bote,125
Chile Jalapeño Costeña Lata,23
Choco Fruta,48
Espagueti Italiana,9
Jugo Aloe Vera Sula portatil,36
Tabcin Gripe y Tos Extrafuerte 2pcks,16
Toalla Huggies Humeda Triple Proteccion,43
Mecha de Trapeador,42
Leche Leyde Litro,30
Leche Leyde Medio Litro,18
Malteada Leyde Pajilla,12
Jugo Leyde Litro,30
Jugo Leyde Medio,15
Galleta Soda,5
Frijol del Monte Bolsa,18
Jabon Centella,20
Tampico Galon,45
Tampico Pepito,9
Jugo del Monte Grande,9
Jugo del Monte Pequeño,8
Pan Molde Popular,50
Natu Chips Chile Limon Grande,32
Caribas,6
Fritos Nacho Catracho Pequeño,6
Crujitos Queso Y chile,6
Aceite Pesado,22
Fristy Grande,44
Fristy Mediano,27
Mantequilla Pradera Libra,27
Mantequilla Pradera Media,17
Malteada Medio Litro,20
Perla,3
Super Recarga Tigo 111,111
Super Recarga Tigo 33,33
Super Recarga Tigo 59,59
Churro Quesito,3
Churro Toztecas,4
Churro Nachos,4
Desodorante Dove Mujer,75
Aderezo Italiano,150
Jabon Liquido Axion bote Grande,160
Churro Zambo Cappy Ranchita Grande,30
Leche Condensada pequeña,25
Botellon de Agua Pinares,30
Papel Crepe,10
Big Cola Portatil,10
Helado Tipo Casero Galleta,18
Cuaderno Rayado Especial,18
Resma de Papel  Carta,165
Tampico Medio Galon,28
Tampico Litro,20
Super Flakes,25
Pepsi Portatil,17
Pepsi 355,12
Salutaris Toronja,10
Aqua,10
Grapette,10
Rica Roja,10
Detergente Clinox Libra,15
Galleta Maria,12
Corn Flakes Gran Dia,30
Corn Flakes Gran Dia 3Packs,115
Chorizo Barbacoa,7
Chile Olancho Grande,36
Salsa Ajo Perejil,20
Mani Chile y Salado,5
Cereal Quaker Bolsa,78
Cafe Capuccino,10
Malteada Sula Pajilla,12
Jugo de Zanahoria,20
Pan Molde Economico,36
Roles,25
Aceite Clover Bote 1.5,125
Aceite Clover Bote 1lt,80
Vasito Sarita Ambos sabores,20
Sandwich Sarita,25
Paleta Mango Chamoy,20
Barrita Sarita,10
Papas para Freir Libra,35
Papelio Pliego,4
Papelio Colores Fluoresentes,6
Cartoncio,18
Papel Construccion Hoja,1
Papel Oficio Hoja,4
Cremora,52
Sardinas Madrigal,45
Papel Higienico Scott Cuidado Completo,60
Toalla Humeda Babysec,18
Enteroguanil Niños,1
Desodorante Dove Aerosol Mujer,90
Desodorante Rexona Rolon,25
Desodorante Rexona Power Dry,50
Xedex Bolsa Grande,280
Xedex Pequeño,32
Shampoo Sedal Care,5
Leche en Polvo Anchor,125
Incaparina Chocolate,43
Incaparina Fresa y Vainilla,33
Desodorante Old Spice Grande,90
Lays Stax Bote,60
Galleta Emperador,15
Galleta Pan Crema,15
Margarina Clover Caja,32
Leche Ceteco 1 mas,40
Gelatina Drinki,12
Desinfectante Magia Blanca Bote,35
Pastillas Vicks,11
Chao Menta y Fresa barrita,3
Hot Dog Unidad,3
Silicon Liquido Bote,23
Churro Alboroto,3
Ceral Fruty Ohs Grande,80
Frijol libra,28
Papel Higienico Lucca,16
Bateria doble y triple A,22
Sardina Lata Grande,70
Chorizo Barbacoa 8 unidad,8
Chicharos Lata,23
Te Frio Lata,11
Gripex Adulto,6
Gripex Infantil,5
Gelatina Ego Atraccion,27
Shampoo Sedal Keratina Bote,125
Desinfectante Xedex Bolsita,6
Pastilla Musflex,10
Monster Lata,40
Leche Ceteco en Polvo Bolsita,12
Jalea Ana Belly Bote,40
Chile Jalapeño Santa Cruz,18
Pepes,20
Shinola Grande,40
Unguento Vick,90
Cremosa Sarita,18
Fiesta Snax,10
Paleta de Fruta Nance,20
Bateria Alcalina AA,32
Bateria Alcalina AAA,32
Desinfectante Pinol,32
PlagaTox Paquete RAID,30
Mortadela 4 oz,12
Leche Entera caja,36
Leche Deslactosada caja,38
Link Portatil,14
Link 1.25 Lts,23
Link 3Lts,45
Manteca Mazola Kilo,54
Manteca Mazola Libra,25
Manteca Mazola Media Libra,14
Leche de Coco el Migo,45
Fresco Cascada Piña Coco,10
Cereal Varios,25
Leche Condensada Grande,55
Sala Ketchup Bote,40
Mirinda 3Lts,55
Leche Nido 1 mas Bolsa,115
Chuleta Libra,55
Chocale,7
Crismelos,5
Crismelos Unidad,3
Cerveza Toña,30
Salva Vida,25
Barena,28
Corona,33
Ultra,30
Pechuga de Pollo libra,75
Leche Ceteco 1 mas Polvo,95
Leche Ceteco 3 mas Polvo,95
Cloro Magia Blanca Limon Galon,85
Cloro Magia Blanca Limon 1Lt,32
Salsa Soya Bote Pequeño,21
Desinfectante Zixx Bote Grande,32
Carne Molida Media,33
Xedex Mediano,186
Bote Agua,10
Chicharron Grande,45
Jugo de la Granja,10
Galleta Quaker,12
Cal,1
Alka Seltzer Boost,8
Hojas Astra Afeitar,5
Jugo Naranja del Valle,8
Mani Limon Bolsita,17
Aceite Rojo,40
Carton de Huevos,115
Bolsa con Agua,3
Pepsi en lata 355,15
H2OH,16
Hielo en Bolsa,4
Maseca Extra Suave,14
Jugo de Lata Enjoy,11
Churro Frijoli,6
Foco de luz Blanca,30
Jabon Extra Barra,25
Zuko Bolsita,5
Crema Ponds Bote,65
Crema Ponds Bolsita,12
Fiesta Snax Grande,30
Lays Medianas,8
Poffets Mediano,8
Chokis pequeña,5
Yogurt Bote,20
Yogurt Vasito,15
Jugo Sula Pajilla,8
Galleta Mantequilla Tubo,35
Mamadera,30
Paleta Mango Verde,20
Panquesitos Bimbo,24
Dona Bimbo,22
Rol de Canela Bimbo,27
Panquesitos con Chocolate Bimbo,18
Bimboletes,15
Negrito Bimbo,10
Rapiditas Tortillas de Harina Bimbo,30
Tortilla Tostada Bimbo,66
Bigote Bimbo,18
Lavaplatos Axion disco,6
Pepsi 1.25 Vidrio,22
Pepsi 355 vidrio,11
Salutaris 1.25,25
Queso Craft Leyde 4oz,27
Fristy Pequeño,8
Jugo de Zanahoria Sula,25
Queso Craft Sula,28
Pepsi 1 Litro,25
POP Palomitas Carameladas,15
Chips,15
Big Mix,10
Takis Pequeños,15
Takis Familiar,42
Galleta Maria Lido,15
Galleta Cremas,4
Paleton,5
Bubulubu,5
Mini Paleta Payaso,12
Panditas,22
Gomilocas Dientes,20
Paleta Mix,3
Pinguinos,27
Gansito,22
Submarinos,22
Galleta Principe,18
Galleta Pinguino,10
Mini Barritas,17
Galleta Kronk,6
Canelitas,15
Choco Chispas,10
Sponch,17
Pan Molde Monarca,54
Quanty Galon,48
Quanty Medio Galon,29
Quanty Pepito,9
Pan 3 unidad,3
Tapon,8
Desodorante Axe Hombre,75
Toallas Humedas Max Clean Huggies,65
Jabon Dove,30
Xedex 400g,32
Chorizo Tomas media libra,30
Pan,2
Mantequilla Crema Sula Libra,58
Fury,22
Toalla Saba Clasica Sin Alas,22
Toalla Saba Nocturna con Alas,38
Deodorante Old Spice pequeño,75
Miel Maple,46
Panque con Pasas Bimbo,47
Pan Molde Bimbo,60
Pan Molido,25
Gelatina Ego Bote Grande,100
Jugo Petit con Pajilla,8
Comida Gato Libra,28
Doraditas Pequeñas,4
Xedex 800g,40
Bandeja 1 y media,28
Bandeja n.2,38
Tajo de Cerdo,65
Lasaña,65
Desodorante Gillette,85
Papas Libra,20
Pastel Sarita,400
Duvalin,4
Dalmata Bimbo,22
Palomitas para Hornear,15
Agua Azul 1 Galon,28
Agua Azul 5 Litros,32
Enjoy Portatil,15
Crema Dove,100
Nescafe Sobresito,18
Jabon Ropa Clinox,20
Cifrut,7
Volt,10
Jugo Pulp,6
Rasuradora Dorco 2 Hojas,12
Rasuradora Dorco 3 Hojas,20
Papel Higienico Rosal,18
Pañal Huggies Active Sec,8
Fritos Antojitos,6
Cereal Bolsita,5
Chips Familiar,60
Jugo de Lata Kerns,12
Pañal para Adulto Tena,16
Salsa Inglesa,15
Elote del Monte Lata Grande,32
Cereal Choco Nubis Pequeño,32
Crema Vaseline,200
Lavaplatos Liquido en Bolsa,60
Chilly Willy,6
Yogurt 2 Pinos,20
Jugo Florida Galon,50
Jugo Florida Galon,30
Pasta Mini Tornillos,39
Churros Familiar Diana,25
Churro Diana Pequeño,6
Paleta Yogurt Sarita,27
Corn Flakes Fans,85
Papel Aluminio Elmigo,25
Agua Azul Portatil,10
Jabon Unox,18
Toalla Humeda Aceite de Coco,90
Desodorante Dove Hombre mas Care,90
Mayonesa Hellmans 190g,32
Mayonesa Hellmans 380g,60
Mostaza Hellmans 190g,22
Medallones,80
Te Sinofludes,12
Ranitidina,3
Dicoflenaco,2
Agua Oxigenada,15
Magnesia Phillips,60
Foco Recargable 7 leds,185
Foco Recargable 5 leds,155
Foco Plastico 3 leds,60
Foco Plastico 1leds,55
Foco de Mano Metalico,55
Skittles,30
M.M,30
Snickers,25
Mantequilla Rala Nuñez,60
Jugo Squiz Portatil,12
Jugo Squiz 355,10
Pasta Roma Bolsa,40
Jamon Delicia Media,39
Hot Dog Delicia Unidad,3
Derergente Surf 400g,21
Lava Platos Xedex Bolsita,11
Fardo de Agua,35
PlagaTox RAID Unidad,7
PlagaTox Paquete,20
PlagaTox Paquete Unidad,5
Alitas,85
Chicles WinterFresh,15
Frijol Naturas 380g,45
Ranchitas Grande,25
Ranchitas Naturales,38
Zambos Grandes,30
Yumix Grandes,35
Bayonenet,115
Bocadeli Familiar,25
Super Recarga Claro 33,33
Super Recarga Claro 59,59
Super Recarga Claro 111,111
Toallas Humedas Extra Large,60
Arroz Pesado,15
Suerox,60
"Adereezos Cesar, Ranch, Italiana",170
Cacahuate Picante,15
Tortilla Casera Mission Grande,30
Tortilla Casera Mission Pequeña,24
Jarabe Vick Bote,105
Prestobarba Venus,35
Salsa Barbacoa Bote,23
Plagatos Zaz,18
Desodorante Nivea Mujer,100
Agua Zen,12
Quanty 1.1,18
Sardina Bumble Bee,25
Pasta Colgate Doble Frescura,45
Azistin 900ml,48
Azistin 450ml,20
Jabon Protex,25
Panadol Multi Sintomas,8
Natu Chips Platano Verde,32
Fritos Nacho Catracho Grande,45
Lays Flamin Hot Familiar,30
Harina La Rosa 5,65
Avena 600gr,60
Platanos,10
100 Lempiras,100
Crema de Leche 225gr,60
Block Sarita,20
El Alero Coco y Piña,180
Vodka Skol,300
Paraiso Manzana,210
Papel Higienico Scott 6 Pack,140
Papel Cariñoso 4Pack,85
Rica sula Familiar,30
Rica Sula Chicharron,35
Leche Light Descremada,40
Pana De Losa Grande Axion,75
Arizona,45
Sal Yodada Crissal Pequeña,8
Sal Yodada Crissal Grande,12
Cloro Magia Blanca medio galon,45
Cinta Aislante,12
Pasta Colgate White,160
Condones Vive,35
Reumazolon,3
Desodorante Axe XXL,115
Chocopanda,3
Iboprodol,4
Milagrosa,3
Salutaris Lata,11
Tostitos,105
Aceite Clover 3lt,250
Aderezo Ana Belly 8.5 oz,40
Aderezo Ana Belly 17 oz,70
Pañal Pamper 3     fardo L426,9
Foco Recargable Grande,220
Foco Recargable Pequeño,180
Pañal Babysec Paquete,220
Vaso Sopero,110
Galleta Avena del Carmen,12
Coctel de Frutas,90
Cremora Elmigo 10 oz,80
Cremora Elmigo 35.27 oz,160
Pasta Naturas 200gr,25
Bicarbonato Sobre,5
Chile Habanero,18
Crema Reviva,75
Jabon Liquido Axion Mediano,130
Lava Platos Axion Pana Pequeña,25
Nescafe,250
Sudagrip Te,20
Crujitos Chile Familiar,28
Salsa Soya Bote Grande,45
Canelon Roma,35
Avena Quaker Pequeña,8